ID,Short Name,Run IDs,Vs30,Depth 2.5 km/sec,Vs30 Type,Depth 1.0 km/sec,Source ID,Rup ID,DistanceJB,DistanceRup,DistanceSeis,DistanceX,mean (CB2008),std. dev. (CB2008),mean (Boore2008),std. dev. (Boore2008),mean (CY2008),std. dev. (CY2008),mean (AS2008),std. dev. (AS2008)
18,USC,"747,778,801,827,930,983",280.0,3.874125,Inferred,575.8070068359375,79,0,75.30275212638456,75.30290408685386,75.83904739841611,-61.03405904158739,-2.593717830748457,0.5053893979879766,-2.300263594285556,0.566,-2.6466008369752467,0.5086573583473379,-2.5237060393832347,0.5292348431270254
19,PAS,"748,785",748.0,0.30839474487304686,Inferred,8.46961498260498,79,0,60.0223572934156,60.022547939625476,60.5315680240668,-43.42041621268189,-2.787444164536835,0.5241962793646473,-2.4788538516248746,0.566,-2.689264566178294,0.5327102249139845,-2.717927743876871,0.5551554663311845
20,LADT,"749,831",390.0,2.613642578125,Inferred,305.8071594238281,79,0,71.33032296608515,71.33048338930706,71.86159632110079,-56.570640958581244,-2.7252907077279342,0.5144936247011479,-2.398136237973596,0.566,-2.6905440496366313,0.5216148305715156,-2.5995903266465077,0.5405099775916002
21,LBP,750,236.0,2.31894775390625,Inferred,421.5738525390625,79,0,87.99571888717098,87.99584892809555,88.59037221519556,-84.12907018838929,-2.7766670202230586,0.5046671997746796,-2.344047137223616,0.566,-2.7611638195655113,0.5037460222332155,-2.5828382905486404,0.5251681034470411
22,WNGC,"751,781,811,823,829",280.0,2.805896240234375,Inferred,504.44607543945307,79,0,56.35454057895388,56.354743633266196,56.942699668838806,-49.23412214178517,-2.4601519342679667,0.5026917993400198,-2.037118414162487,0.566,-2.365927492633943,0.5029894825234233,-2.309120938761104,0.5228795059222386
23,SABD,752,280.0,2.36867041015625,Inferred,364.7810363769531,79,0,68.90223823332086,68.90240430977354,69.52282327864872,-68.90202617092487,-2.6189156175787667,0.5058647995032975,-2.210801062525157,0.566,-2.5579081868385134,0.5069403885675949,-2.457480064571506,0.527399188114345
24,SBSM,"753,782,810",280.0,1.824324951171875,Inferred,325.2884521484375,79,0,11.38219383391622,11.383199136404391,12.32775105344003,-11.378041739296537,-1.3631114966114488,0.4674250959553008,-1.2229416572552312,0.566,-1.1300972023129718,0.4746373550844155,-1.258384771475471,0.47117964037865895
25,FFI,754,390.0,4.94453857421875,Inferred,89.78324127197266,79,0,87.95855621675591,87.95868631262296,88.30062653394175,-39.75480518185273,-2.7033695380016702,0.5142577857012778,-2.644618614438935,0.566,-2.9168830761679403,0.523491434942367,-2.761751924889428,0.5429539758173358
26,CCP,755,387.0,3.22153369140625,Inferred,381.51092529296875,79,0,84.48385005352768,84.48398550005288,84.98120854561596,-63.06564303062244,-2.8360940953561555,0.5154921294293277,-2.59031974135937,0.566,-2.869117955924574,0.5229077537330695,-2.727537487364014,0.5422922847972794
27,SMCA,756,387.0,2.479776611328125,Inferred,526.83056640625,79,0,92.8864553410822,92.88657853499102,93.38679553911926,-70.85948754112827,-2.9425199768390504,0.5164842866938726,-2.713299602160316,0.566,-2.976592912860568,0.5237648320451844,-2.8011701187641034,0.543332539350528
28,PTWN,215,748.0,0.0,Inferred,0.0,79,0,23.67737783853591,27.008765086752096,27.008765086752096,27.415661356422003,-2.094883221076672,0.522787676786235,-1.7650806816981977,0.566,-1.8513907380917216,0.532080898071737,-1.9668127209491038,0.5527543702161157
29,PERR,"216,758",748.0,0.0,Inferred,0.0,79,0,35.94868459960207,35.94900291451578,36.62671882162381,-35.94830353486208,-2.3643052023408595,0.5234330391127355,-2.038927997723511,0.566,-2.177748525197917,0.5323324613645771,-2.3103586290056963,0.5540370079315247
30,GAVI,"217,759",748.0,0.0,Inferred,0.0,79,0,42.31684260270281,42.31711301551798,42.975668651487034,-42.31512218635864,-2.501939383274162,0.5237120355683204,-2.1640408464633323,0.566,-2.3377617664565236,0.5324544537996123,-2.4394413651874136,0.5544340325526347
31,MBRD,"218,760,783",387.0,0.3061561279296875,Inferred,150.0,79,0,25.190869916346557,25.19132416623809,25.927965976908848,-25.189698127441833,-1.9216216272414053,0.5020095033841007,-1.6135042209460715,0.566,-1.7052012003233845,0.5113338723464879,-1.8198835351633391,0.5222111216293832
32,PEDL,"219,761,834,875,932",748.0,0.3061571044921875,Inferred,150.0,79,0,26.483309350195828,26.483741432138455,27.21287014576697,-26.482429421779994,-2.097889491227549,0.5227956582969944,-1.8329238727352741,0.566,-1.956521455071584,0.5321078578743922,-2.0708293903186834,0.5531797911559634
33,LBUT,"220,762",748.0,0.0,Inferred,0.0,79,0,39.558334345559,40.51859870776298,40.52731408878052,15.352925169775212,-2.4592046956555036,0.5236288166312576,-2.1108745004200764,0.566,-2.288700362331305,0.5324172949623364,-2.405001478556186,0.5543322592496595
34,ALIS,"221,763,876,933",748.0,0.0,Inferred,0.0,79,0,50.88588922269276,50.88611409894016,51.169283419112695,-13.463287264518497,-2.658644505777813,0.5239925672312573,-2.3212463179546634,0.566,-2.52147762111343,0.5325908067391527,-2.5861043849109815,0.5548355613685446
35,PACI,"222,764,784",748.0,0.0,Inferred,0.0,79,0,39.037806662338056,39.03809978869723,39.42244154960501,-15.586101767346301,-2.433743945067939,0.5235777983595822,-2.100674927126371,0.566,-2.258331384318528,0.5323941731471397,-2.37552012844519,0.5542427701680982
36,SLVW,"223,765,901,950",748.0,0.0,Inferred,0.0,79,0,3.7524424442137976,7.5198159387022585,7.715724237498032,7.611720552847744,-1.0789909690445323,0.5189500491785045,-0.9690434782275328,0.566,-0.9057966454422157,0.5314323783430277,-0.6928228577430984,0.5446946689902032
37,ALP,"224,856,923,953",354.0,0.0,Inferred,0.0,79,0,79.9673723201904,79.96751541658746,80.04562464665258,3.5872739503823086,-2.8330241377750363,0.5139544311467817,-2.486334783505833,0.566,-2.7094815624451365,0.5194571688913625,-2.6518971223166568,0.5389156738315858
38,OSI,"225,913,966",390.0,0.30704888916015627,Inferred,301.09075927734375,79,0,112.45436817463195,112.45446993188787,112.64524729199537,-21.901764044942766,-3.13166536120076,0.5181220740225229,-2.9985418881454806,0.566,-3.2140632859805067,0.5256392811713045,-2.9938084767072,0.5458796146159504
39,PDE,"226,914,967",455.0,1.891710693359375,Inferred,150.0,79,0,95.6373950556412,95.63751470597185,95.91548442784635,-32.60238822695665,-3.012058490739285,0.5192027334680303,-2.823021055308337,0.566,-3.0702349553983104,0.5277274249490066,-2.887246464471438,0.5474931436334423
40,MOP,"227,909,964",349.0,2.317824951171875,Inferred,300.07830810546875,79,0,124.43038592392585,124.43047788738627,124.78134708100575,-62.35553022614747,-3.158450247922101,0.5169391272405436,-3.1196177070456814,0.566,-3.3090005760246664,0.5240841779521545,-3.0678696784733597,0.5448269220888887
41,LGU,"228,382,642,656,664,665,737,908,960,963",390.0,0.30588656616210935,Inferred,300.036865234375,79,0,141.22029778213567,141.22037881191676,141.62380704805966,-86.21992258326235,-3.3238666473237295,0.5194206884779461,-3.4018954198707365,0.566,-3.5357217028019003,0.5275569708290397,-3.2668758148356694,0.5486040533419922
42,WSS,"229,921,974",390.0,2.6350205078125,Inferred,85.74756622314453,79,0,102.27708172403806,102.27719360684354,102.69186720450647,-61.9343161286625,-3.025173148274068,0.5172966001430026,-2.852670658732768,0.566,-3.0942224650140773,0.5248171745727273,-2.88657755233591,0.5446050310884256
43,HLL,"230,905,959",280.0,1.1223736572265626,Inferred,320.9423828125,79,0,75.95770363108782,75.95785428126817,76.40901807789903,-48.872728654685226,-2.6968254588552747,0.5072708225405869,-2.3094459379565677,0.566,-2.655407964041196,0.5088239076806574,-2.5301828483732054,0.5294086504663559
44,LGB,"231,907,962",280.0,4.502671875,Inferred,717.0183715820312,79,0,66.89992908088387,66.90010012797805,67.48128514586809,-59.37915124653074,-2.443604783594575,0.5023360202225312,-2.1829245707593623,0.566,-2.3578703003515615,0.5063666790076378,-2.435579991814724,0.5267681872316144
45,COO,232,280.0,4.596244140625,Inferred,706.7113037109375,79,0,77.11134646111651,77.111494857463,77.6928475691047,-70.04659938480285,-2.547904782595691,0.504498309742307,-2.3256313593888334,0.566,-2.508875862983808,0.5091134699545643,-2.5414649348625176,0.5297090260064599
46,LAF,"233,906,961",387.0,2.5221943359375,Inferred,468.18499755859375,79,0,87.4617084009625,87.46183923587012,88.0265904224823,-77.70022897430464,-2.8923557066686127,0.5160284734882902,-2.634048869355171,0.566,-2.9078053706035027,0.5232218215174514,-2.754410666994424,0.5426800306734336
47,RPV,"234,918,971",515.0,0.0,Inferred,0.0,79,0,101.24574636007017,101.2458593825637,101.81759239973705,-93.12485073827274,-3.1355039855039566,0.5212489860882611,-2.958225379316663,0.566,-3.117622421296191,0.5300210601181895,-2.986148190304241,0.5503744672274713
48,DLA,"235,904,958",280.0,5.349873046875,Inferred,823.2176513671875,79,0,72.39489218792437,72.39505025212283,73.00278170028876,-69.49963971312177,-2.4423794492528743,0.5023094794323404,-2.2595558752353684,0.566,-2.3899469998153204,0.5078981403013727,-2.4942979774216414,0.5284329698194945
49,BRE,"236,902,956",280.0,3.815594482421875,Inferred,688.8037719726562,79,0,69.132572844046,69.1327383671696,69.75358649097153,-68.45342468879711,-2.5316869285815207,0.5041744368736367,-2.2140113881545633,0.566,-2.4185411380519644,0.5070051930696261,-2.4599611892179944,0.5274699132052955
50,STG,"237,919,972",280.0,1.846126220703125,Inferred,0.0,79,0,72.20484906586495,72.20500754608737,72.8233669356958,-72.2033989045879,-2.6562621634882286,0.5065506624758706,-2.2568989793848333,0.566,-2.5342967438985338,0.507847355137713,-2.4923377519845373,0.5283787733679798
51,PLS,"238,916,969",748.0,0.0,Inferred,0.0,79,0,52.0044375526931,52.004657592163355,52.64821779253282,-52.00356209806865,-2.6771836050719857,0.5240233204414464,-2.3410263367015283,0.566,-2.543360302700048,0.5326066908981083,-2.603438650719887,0.5548797581894571
52,OLI,"239,910,965",387.0,3.15256005859375,Inferred,429.1308288574219,79,0,53.72458777591082,53.724800770200574,54.36156096862185,-52.505000473440624,-2.4724296707900377,0.5113028442704487,-2.1259535692778804,0.566,-2.404576972086001,0.518685666760481,-2.3798324651138474,0.5363386729722365
53,RIO,"240,917,970",354.0,2.8465947265625,Inferred,339.7779846191406,79,0,45.947139254199804,45.947388301741654,46.546362053098676,-39.36359162272424,-2.3459322378810104,0.5071348425302924,-1.96930785121063,0.566,-2.23076499672442,0.5128738220982938,-2.2322723505892146,0.5298858266454268
54,CHN,"241,903,957",354.0,0.7460384521484374,Inferred,220.0,79,0,36.717518561497386,36.71783021122167,37.39778624691485,-36.71724889492399,-2.1790213904163767,0.5040837202650381,-1.8118587339208738,0.566,-2.0230144465473776,0.5101025973212803,-2.0667551794777754,0.525339813560279
56,TAB,242,748.0,0.0,Inferred,0.0,79,0,14.032911551120847,14.03372697139923,14.397870424928731,0.6798686732909106,-1.6102852425101761,0.5212452960441517,-1.4884934504667484,0.566,-1.353931912335182,0.5317155652607051,-1.4159622862631747,0.5498996509155656
57,PDU,"243,915,968",354.0,0.30847784423828123,Inferred,200.0,79,0,22.982168339213533,22.98266624389229,23.73733673301781,-22.979955686510877,-1.8414711487763924,0.4966016221278241,-1.539597490177123,0.566,-1.6134760727948227,0.5045117494302752,-1.7326191621301859,0.5141580298973035
64,SVD,"244,920,973",748.0,0.30638958740234373,Inferred,16.440473556518555,79,0,0.0,0.3003791021126226,3.1213707416071004,0.23612123075782054,-0.510320045990579,0.5160306895203477,-0.5927555697416752,0.566,-0.42660236370974847,0.5311929162365843,-0.36492780752776877,0.5421170975916331
66,FIL,245,280.0,6.65884716796875,Inferred,982.72509765625,79,0,125.25655359213141,125.2566449490193,125.55789567850012,-51.15798479369365,-2.804315896327978,0.5090597111814654,-3.0058050927016997,0.566,-3.0118220458508107,0.518206652936116,-2.9901228127323587,0.5394710811832005
67,LAPD,246,515.0,0.0,Inferred,0.0,79,0,59.003256036127695,59.00344997515854,59.143198095886476,-1.5284181103247598,-2.6792129380087033,0.5187840543156177,-2.317899073088654,0.566,-2.5231169917912233,0.5280024582257128,-2.5566744967580144,0.5467322012787438
68,STNI,"247,786,790,805,825,830",280.0,5.97972607421875,Inferred,874.417724609375,79,0,72.00677503355018,72.0069339497142,72.59011656262068,-65.00801881787483,-2.399265238309967,0.5013583104647495,-2.254130287546766,0.566,-2.3781892877867206,0.5077942664061206,-2.490289551987981,0.5283220440733519
73,TEST,"312,333,335,438,439,492,633,644,718,736,742,776,777,796,797,799,800,802,819,820,821,826,835,836,878,885,887,888,889,890,895,896,912,922,931,944,949,952,976,977,984,989,990,993,994,996,997,1000,1001,1002,1004",280.0,3.874125,Inferred,575.8070068359375,79,0,75.30275212638456,75.30290408685386,75.83904739841611,-61.03405904158739,-2.593717830748457,0.5053893979879766,-2.300263594285556,0.566,-2.6466008369752467,0.5086573583473379,-2.5237060393832347,0.5292348431270254
84,BVH,"309,342,493",387.0,3.3565380859375,Inferred,503.53207397460943,79,0,60.70486715132633,60.705055654091744,61.28967804729447,-53.384461913675516,-2.547865507903965,0.5122834570421452,-2.2339540901534383,0.566,-2.524507215620403,0.5198492667534642,-2.472947686743473,0.5381158149000324
85,EMCH,310,280.0,3.1129189453125,Inferred,372.3587646484375,79,0,51.85046951468662,51.85069020755311,52.44183600122128,-44.846711501028395,-2.38186393882354,0.5009647627253955,-1.9748393189547986,0.566,-2.2889770858604774,0.5013239253450748,-2.2483233934897564,0.5208541511866077
86,SGRTT,336,354.0,1.9878197021484374,Inferred,160.0,79,0,42.02295548199715,42.023227785929436,42.624782341381824,-35.38427569283912,-2.275316197149981,0.5058933907605482,-1.9040754319503872,0.566,-2.147367923323435,0.5117735018880603,-2.166019159235094,0.5281398583671779
87,CSDH,311,387.0,3.345405517578125,Inferred,504.85052490234375,79,0,82.32559727854157,82.32573627593504,82.90459596914138,-75.04137861089553,-2.7999432261989807,0.5151329558473183,-2.5585208267734654,0.566,-2.840614769842182,0.5226724128002924,-2.7074835430853628,0.5419967198148683
88,HUMC,328,387.0,4.1108271484375,Inferred,441.32232666015625,79,0,87.08123959010678,87.08137099664759,87.65885891259659,-79.72153064518326,-2.7653534413515235,0.5147782888566121,-2.6284709321349475,0.566,-2.902901525898763,0.5231823552232228,-2.751026821716922,0.5426317247484852
89,SGCD,329,748.0,0.30706057739257814,Inferred,16.440473556518555,79,0,31.190688896426543,31.191055768278563,31.802606426165365,-24.407497113374333,-2.2333089256777092,0.5231365123348741,-1.9390618953177512,0.566,-2.042319603592436,0.5322267895120397,-2.198627346465955,0.5536575517309938
90,TRA,"249,330",387.0,1.782902099609375,Inferred,309.8696594238281,79,0,92.35680011605396,92.35692401646419,92.93046256928626,-84.3869367857136,-2.9377480492071246,0.5164418120627648,-2.7055843077345942,0.566,-2.969964478746789,0.5237133716374172,-2.796722593200433,0.5432716655481789
91,RHCH,"343,925,981",390.0,0.40716253662109375,Inferred,303.3254089355469,79,0,94.76262784575589,94.76274860059425,95.33689711841004,-86.98813158559483,-2.9842260827151526,0.5169571239801096,-2.743913816538119,0.566,-3.00267719905191,0.5241490005888065,-2.8197046768827128,0.5437439792627901
99,MRSD,344,748.0,0.3081188659667969,Inferred,16.440473556518555,79,0,34.218913268429766,34.21924767405788,34.838158796270626,-28.232869464002867,-2.310702050189975,0.52331549508056,-2.003351478088515,0.566,-2.1314778758212514,0.5322956133201745,-2.2714736877258086,0.5539088461629614
128,P14,358,390.0,2.3359453125,Inferred,304.92254638671875,79,0,72.48070553699907,72.48086341405823,73.00402639531934,-56.478988313916986,-2.738507960228011,0.5146336361963806,-2.4153907246111763,0.566,-2.7071942163058647,0.5217596472061086,-2.6119253549320196,0.5407086389848677
134,P25,437,748.0,0.3071926574707031,Inferred,150.0,79,0,91.21120171775596,91.2113271743338,91.68563368145061,-64.73600524880119,-3.146970316067896,0.5246554196924975,-2.971075006089346,0.566,-3.216012116547307,0.533001098469274,-3.0533632822838106,0.5558188316629161
135,P24,436,748.0,0.307747314453125,Inferred,150.0,79,0,92.5869512386738,92.58707483109485,93.03714201530165,-61.47723469007372,-3.159847374742278,0.5246692444719433,-2.991687284256672,0.566,-3.233764719591854,0.5330112426022771,-3.065390365469906,0.5558390745113458
136,P23,367,390.0,0.9179027099609375,Inferred,88.0196533203125,79,0,93.52693859690244,93.52706094716629,93.96118072426246,-59.310509727774914,-2.953526937146563,0.5166941708527633,-2.725940459442119,0.566,-2.9873183874203364,0.5240335235965331,-2.809485449233844,0.5436076879865895
137,P22,366,280.0,2.6350205078125,Inferred,87.282958984375,79,0,94.4868380051364,94.48695911243564,94.90570877419289,-57.22030203136312,-2.873149562838557,0.5101187886253867,-2.570762394094033,0.566,-2.889390552703497,0.5129782801088965,-2.6945403578712486,0.5334977506642399
138,P21,365,280.0,2.6350205078125,Inferred,220.0,79,0,95.96288877494513,95.96300801943781,96.36663021462084,-55.481116605055156,-2.885760737505916,0.5103058451582579,-2.5916644877543864,0.566,-2.9070468243954917,0.5132702215640703,-2.706287736009045,0.5337674106793328
139,P20,364,390.0,2.750307861328125,Inferred,16.440473556518555,79,0,97.62479278385327,97.62490999840402,98.01466276603892,-54.02316448791293,-2.9862004630629224,0.5169737854198334,-2.7854465141329694,0.566,-2.9695055452215695,0.5244102075358268,-2.8428879023123037,0.5440484845022615
149,P1,"345,927,982",390.0,6.09691943359375,Inferred,97.69657897949219,79,0,86.13162071893963,86.13175357426242,86.48758985817851,-40.98971733617418,-2.60826138152858,0.513180487885374,-2.617815935395754,0.566,-2.893289385792644,0.5233053106136816,-2.745452843876023,0.5427241773451366
150,P2,346,455.0,4.5495048828125,Inferred,215.1052703857422,79,0,83.92874938159072,83.92888572395121,84.30383643701198,-42.73612744792547,-2.737037686463089,0.5172357447534233,-2.650576882159571,0.566,-2.9196086362647216,0.526994923926763,-2.784706015874918,0.5464521087381996
151,P3,347,280.0,2.387978271484375,Inferred,341.7325439453125,79,0,80.56687140045797,80.56701343207484,80.96739884220376,-44.54455560128942,-2.7441676521848857,0.5080796408101672,-2.3741939964559715,0.566,-2.7161733329766835,0.5099531971238522,-2.5743345945067615,0.5305671055325901
152,P4,348,280.0,1.15811181640625,Inferred,327.37982177734375,79,0,76.48912125689252,76.48927086041417,76.91569001690036,-45.62530975329736,-2.702418219271123,0.507368131085568,-2.3168998463247252,0.566,-2.66252075103423,0.5089578879681058,-2.535399680867264,0.5295479192557085
153,P5,349,280.0,1.123426025390625,Inferred,330.59228515625,79,0,73.33101513098264,73.33117117738269,73.77869604157264,-46.33563658984178,-2.668636086893189,0.5067730525949087,-2.27264982955091,0.566,-2.619803065270538,0.5081461697114531,-2.5038840752654825,0.5286966562690816
154,P6,350,280.0,0.9202733764648438,Inferred,321.26031494140625,79,0,71.06591345635947,71.06607447645445,71.53179768928541,-47.12230561746226,-2.6465138074790033,0.5063737692629278,-2.2409856412209357,0.566,-2.5884578767604904,0.5075398668996891,-2.4804880372135893,0.5280491433622682
155,P7,351,280.0,0.3064288330078125,Inferred,92.20008850097656,79,0,69.43076956559695,69.43093437782053,69.91916922559169,-48.878186889301965,-2.650642741555572,0.5064488753975164,-2.218168623242126,0.566,-2.5654270899987925,0.5070887351566059,-2.463161891080385,0.5275609221778983
156,P8,352,280.0,1.398557373046875,Inferred,230.0,79,0,68.54867647805,68.5488434110931,69.05781786774612,-50.94622583683929,-2.6148199385289326,0.5057882272464705,-2.205874651430351,0.566,-2.5528560100487074,0.5068404442484844,-2.453656477651671,0.527289893079882
157,P9,353,280.0,2.656349853515625,Inferred,304.71356201171875,79,0,67.28332229606515,67.2834923685028,67.81042821644685,-52.242716535699564,-2.600000555653267,0.5055088986662634,-2.1882578654504394,0.566,-2.534629436144388,0.5064779981072388,-2.4398201372117785,0.5268913062214982
158,P10,354,387.0,2.91858837890625,Inferred,305.4075012207031,79,0,66.91439047017134,66.9145614802993,67.45668754075868,-53.95752801746031,-2.6706628105546817,0.5137500049420679,-2.3284729358688123,0.566,-2.622374385866728,0.520763276779013,-2.5475882468150304,0.5394396098250883
159,P11,355,387.0,3.126029052734375,Inferred,366.49676513671875,79,0,67.28044415092094,67.28061423063399,67.83323357694609,-55.74957856599262,-2.659478238987455,0.5136228040564512,-2.334007132994151,0.566,-2.627929488565498,0.5208141326598102,-2.551779272657657,0.5395113893038243
160,P12,356,280.0,3.44850537109375,Inferred,552.7614135742188,79,0,67.08741384968518,67.08758441876654,67.65159378990606,-57.141795049210394,-2.5460146641243613,0.5044607929612738,-2.1855323657316137,0.566,-2.5317866833657128,0.5064212042334495,-2.4376563006580465,0.5268285331718042
161,P13,357,280.0,3.79382275390625,Inferred,609.958984375,79,0,66.96018631740682,66.96035721057672,67.53347491710751,-58.293070045585935,-2.508636695943245,0.5037064011372834,-2.1837626560235672,0.566,-2.5086323479811674,0.5063842218655529,-2.4362479031532125,0.5267876114241183
162,P15,359,387.0,3.27929833984375,Inferred,638.8550415039062,79,0,91.59757361927622,91.59769854666068,92.09389675884914,-69.00886548219233,-2.8964328975704006,0.5160662966956668,-2.6945165889717573,0.566,-2.8932489498806366,0.5236390369141795,-2.790304146326821,0.5431833788886845
163,P16,360,280.0,3.584009765625,Inferred,683.7213745117188,79,0,88.30573211879893,88.30586170319201,88.80552462184579,-66.78648704113736,-2.750994314654296,0.5081935173191721,-2.4833279593054485,0.566,-2.677734785613985,0.5116992994591734,-2.643381123441771,0.5322892584541736
164,P17,361,387.0,3.25740869140625,Inferred,632.51171875,79,0,84.96595379802629,84.9660884760181,85.4711699807085,-64.80886717605016,-2.836520885370313,0.515496300817172,-2.5974105944438994,0.566,-2.8191014214678565,0.5229594188983566,-2.7319495441753334,0.5423565951162407
165,P18,362,387.0,3.049056396484375,Inferred,455.18243408203125,79,0,79.59535994527073,79.59550371046976,80.10548364587818,-60.87531132252238,-2.8078338300100003,0.5152123442253456,-2.5181612112089793,0.566,-2.8039442922418893,0.5223647597104631,-2.681376514300236,0.5416038324491854
166,P19,363,387.0,2.670615234375,Inferred,338.69464111328125,79,0,76.98981047873723,76.98995910934148,77.50822525916652,-59.8409979597928,-2.786446173294425,0.5149958598368811,-2.479498679997412,0.566,-2.768248631055455,0.522060075492053,-2.6556454126721927,0.5412074576128204
176,s066,383,349.0,0.3070572509765625,Inferred,301.3155517578125,79,0,141.62066503309987,141.6207458338067,141.9924594086044,-77.93648036418868,-3.2939204403432245,0.5180247427648106,-3.3588771716160224,0.566,-3.4973679547271397,0.5255185077712418,-3.2251489203963515,0.5466356261656805
177,s070,384,390.0,3.739221435546875,Inferred,1117.341796875,79,0,131.39321292515186,131.3933000152614,131.71001000475061,-57.95572717557707,-3.148914233290006,0.5182483198108035,-3.2656985558506504,0.566,-3.199266331003016,0.5269607162442436,-3.177842690542488,0.5477913299198899
178,s074,385,390.0,1.237248046875,Inferred,300.0751953125,79,0,123.59056141032268,123.59065399869417,123.83813571528918,-37.976640361976244,-3.1842283362938986,0.5185005816617267,-3.1563260894909657,0.566,-3.3410425349596027,0.526445855207882,-3.104189041369659,0.5470655110294597
179,s078,386,390.0,0.0,Inferred,0.0,79,0,118.68966818532755,118.6897645968234,118.8545303012946,-17.996020191217657,-3.189024492018749,0.518534209625029,-3.0871231834267503,0.566,-3.215617878552847,0.5261018939197066,-3.0564263324996523,0.5465673212678034
180,s082,387,387.0,0.0,Inferred,0.0,79,0,117.05738894022868,117.05748669611084,117.13027343930568,1.9832567943730142,-3.175149446672944,0.518345542646327,-3.0606213005523912,0.566,-3.1941171860668702,0.5258179855912779,-3.0371611409685384,0.546230169330157
181,s151,388,515.0,0.3068255920410156,Inferred,150.0,79,0,125.66258644425109,125.66267750595271,126.07665822708337,-78.16583046931758,-3.3076253522059673,0.5219426463385466,-3.306946121223451,0.566,-3.473953949155518,0.5307919923060073,-3.238276894998953,0.5519334110859347
182,s155,389,280.0,0.30969284057617186,Inferred,301.6963195800781,79,0,113.99876510546858,113.99886548417048,114.35847394806464,-58.18639270325,-3.0527875862162834,0.5125920029890946,-2.84710257434886,0.566,-3.1150836084064584,0.5164822236800187,-2.8818633224634684,0.5374702362788044
183,s159,390,390.0,3.57355615234375,Inferred,301.0229187011719,79,0,104.89274168828926,104.89285078112985,105.17858012024344,-38.20728666726425,-2.9778821911974442,0.5169033857793958,-2.890314858854615,0.566,-3.1254355493689694,0.5250370122573242,-2.9147816579596184,0.5449526116870768
184,s163,391,515.0,0.3067326965332031,Inferred,150.0,79,0,99.05492054169925,99.05503606394048,99.24630201875627,-18.228459433251604,-3.1048412304533817,0.5211133882010318,-2.9263390983923747,0.566,-3.160710447957187,0.5299416637889531,-2.964717110359958,0.5502243758917722
185,s167,392,354.0,0.0,Inferred,0.0,79,0,97.07629562896976,97.07641350580134,97.15792776437581,1.750467274396779,-2.9936735171965205,0.5156352093028,-2.7357130515498174,0.566,-2.9271682710574116,0.5216633093539681,-2.801399531709993,0.5414027732144302
186,s236,393,280.0,2.650103515625,Inferred,220.0,79,0,97.59684444893534,97.59696169705222,98.01060080386517,-58.46345556887774,-2.8995093995223256,0.5105073701151549,-2.614809395928129,0.566,-2.92645818359225,0.5135877229951288,-2.7190936628491578,0.5340581004940357
187,s240,394,390.0,1.6615391845703125,Inferred,89.78324127197266,79,0,86.7685767814395,86.76870866149133,87.10696397172863,-38.48562069188497,-2.88779972704273,0.5161059609559036,-2.6271676728120563,0.566,-2.90154380389549,0.5233706913892915,-2.7511730594788717,0.5428052134585024
188,s244,395,515.0,1.50515869140625,Inferred,150.0,79,0,79.59207953377184,79.59222330489618,79.82255673378177,-18.508574031620487,-2.8921555421283234,0.5200605247028699,-2.637693644450924,0.566,-2.907557089361574,0.5291371709736539,-2.7917967390408336,0.5488993294559504
189,s248,396,354.0,0.0,Inferred,0.0,79,0,77.09458092267322,77.09472935129098,77.1895054213092,1.4686055721592246,-2.802866067946574,0.5136109162587497,-2.4440065797677137,0.566,-2.6705440535697886,0.5190360599307898,-2.623818898675875,0.5384099037229445
190,s309,397,748.0,0.30638018798828126,Inferred,79.9488754272461,79,0,82.7829861781877,82.7831244076002,83.2631280755911,-58.78682481277004,-3.063516184301383,0.5245617556958062,-2.843144684238863,0.566,-3.104006365829734,0.5329349994987147,-2.9755086651343485,0.5556822693913864
191,s313,398,349.0,0.3051784973144531,Inferred,85.74756622314453,79,0,69.66585662858088,69.6660208846478,70.07824262734432,-38.81079159068553,-2.70455419704316,0.5121434060014654,-2.3280630120829517,0.566,-2.6310998516117743,0.5172960817657882,-2.54122694201603,0.5364389436739281
192,s317,399,748.0,0.3045201416015625,Inferred,16.440473556518555,79,0,60.46642331902366,60.466612565130234,60.75951985985557,-18.834537403340452,-2.7939075515571585,0.5242059070342623,-2.486307354201661,0.566,-2.6984582341613863,0.532715489139627,-2.723820834572334,0.5551689214345873
193,s321,400,387.0,0.0,Inferred,0.0,79,0,57.1116703773419,57.11187073977134,57.22916527842864,1.1404724496584502,-2.578861031712773,0.5126684344184227,-2.1786386301337477,0.566,-2.3942668696666574,0.5192704673965416,-2.4263631635814527,0.5372446717168124
194,s385,401,387.0,2.175744140625,Inferred,430.34490966796875,79,0,88.23263797317568,88.23276766491959,88.80098727430524,-79.13197224146138,-2.8996641968099484,0.5160961741040266,-2.6453431705993817,0.566,-2.917708238239702,0.5233012148731172,-2.7612238719835203,0.54277684294795
195,s389,402,280.0,3.6809365234375,Inferred,595.3953857421875,79,0,70.56490743757973,70.56506960090377,71.1190874628748,-59.157060359491986,-2.5614937248840812,0.5047662666476729,-2.233990797220585,0.566,-2.575471132618911,0.5074028739197138,-2.4752192041496683,0.5279014653673392
196,s393,403,387.0,1.0870018310546874,Inferred,300.2003173828125,79,0,54.556830447,54.55704019215947,55.07147794283711,-39.18227463486764,-2.5036543145846797,0.5117163751156324,-2.1389767219104656,0.566,-2.4195281762237295,0.5188331598476879,-2.3915175722898607,0.5365696272398861
197,s397,404,748.0,0.0,Inferred,0.0,79,0,42.143990986548275,42.14426250844188,42.54924077072091,-19.20821174328986,-2.498472973893937,0.5237053964190486,-2.160750975286037,0.566,-2.333717590207902,0.5324514006834798,-2.4361937971274368,0.5544245613280243
198,s401,405,748.0,0.0,Inferred,0.0,79,0,37.126962758437365,37.12727097124959,37.291228784595326,0.7650745239526056,-2.3914363253247592,0.5234905919356795,-2.0627362638140063,0.566,-2.209195549923496,0.532356598448625,-2.3358283326586156,0.5541187594313005
199,s470,406,387.0,3.23972265625,Inferred,445.2316589355469,79,0,81.93459855990686,81.93473822060633,82.53901210185037,-79.54586810541034,-2.8084786903273407,0.5152188075896239,-2.5527501901546215,0.566,-2.835406494040871,0.5226290502984215,-2.703796351455405,0.5419417905843659
200,s474,407,387.0,3.62402587890625,Inferred,625.0787963867188,79,0,62.48550654901202,62.485689680060524,63.10110351687272,-59.57265955260781,-2.5417529208913625,0.5122063212447621,-2.261188600902315,0.566,-2.5094162427657003,0.5201218370365338,-2.495069615307808,0.5385172546845903
201,s478,408,280.0,2.677259521484375,Inferred,257.6956481933594,79,0,43.56890667034,43.56916931219821,44.19797927639622,-39.60008722522289,-2.261289381302527,0.49808053909471234,-1.855178856627496,0.566,-2.1317380958594776,0.4977975688675039,-2.1227521145644936,0.516329281019157
202,s482,409,748.0,0.0,Inferred,0.0,79,0,26.357498108651846,26.357932253000858,26.978339616329954,-19.628204437387527,-2.1060824118241577,0.522817316817168,-1.82996398288555,0.566,-1.8821078833402427,0.5321044666743318,-2.0671279478851785,0.5531652275635609
203,s486,410,748.0,0.0,Inferred,0.0,79,0,17.141768302331265,17.142435843164357,17.460098320141416,0.3429352765962011,-1.7616493318242867,0.5217835338666765,-1.5874952465249306,0.566,-1.5076523023771355,0.5318240703066286,-1.6072663932237021,0.5510100150360001
204,s550,411,280.0,2.647296142578125,Inferred,435.05792236328125,79,0,80.21480548238198,80.21494813738006,80.8256125989923,-80.03347961266957,-2.740641725320547,0.5080205553614111,-2.369240865350634,0.566,-2.7116023423620628,0.5098694612352898,-2.57104691119511,0.5304824095998989
205,s554,412,280.0,2.45537353515625,Inferred,341.384765625,79,0,60.18120339955399,60.18139354256169,60.81192967556973,-60.07799029638396,-2.5117384793256674,0.5037699146170657,-2.0898206053349924,0.566,-2.427570990921382,0.5042912878918555,-2.3573613689728394,0.5244133373311619
206,s558,413,390.0,1.2655933837890625,Inferred,180.0,79,0,40.147120158633264,40.14740518561486,40.81671534479231,-40.13886917209607,-2.258660089905249,0.5083800929859714,-1.9044527544893062,0.566,-2.1288762941823856,0.5162143911125449,-2.162915107292491,0.5319080412221087
207,s562,414,387.0,0.3085527038574219,Inferred,150.0,79,0,20.113788143643504,20.11435705145882,20.896832852098488,-20.112309023045515,-1.7557648874816305,0.49839026938706266,-1.4965722153185286,0.566,-1.5177539764187082,0.5093531886541958,-1.661890680816661,0.5170078884400188
208,s566,415,354.0,0.0,Inferred,0.0,79,0,0.17751314086464076,0.23323169033577182,3.1693155542262055,-0.07844296984699732,-0.6668960311535059,0.46055408459201536,-0.5174433513330439,0.566,-0.3404984300116539,0.49117757656491323,-0.6404701400821435,0.46143366262466146
209,s632,416,390.0,1.7929918212890625,Inferred,0.0,79,0,79.15113743051488,79.15128200257055,79.76383689028621,-79.14967486421337,-2.811413946009605,0.5153771516018885,-2.5148078773237614,0.566,-2.730522922698998,0.5225518159393511,-2.679943395134572,0.5417655880909524
210,s636,417,349.0,0.0,Inferred,0.0,79,0,59.137104776633535,59.13729827671138,59.77005897347559,-59.13546091263874,-2.582707710684124,0.5104901532032159,-2.170033847336821,0.566,-2.3980767879322067,0.5152968171412072,-2.416874030809963,0.5338072833773821
211,s640,418,387.0,0.3069769897460938,Inferred,150.0,79,0,39.124219222225584,39.12451170116968,39.79764881959721,-39.122626887579194,-2.262425208013537,0.5082244350924329,-1.8838808310713187,0.566,-2.102717793698208,0.5155881770942435,-2.141194181276815,0.5310856834244227
212,s644,419,280.0,0.3070734558105469,Inferred,170.0,79,0,19.110667951467917,19.11126672037885,19.906045259146772,-19.10886546611546,-1.6955408705939177,0.4805804638167109,-1.4235831875616687,0.566,-1.4570107679401259,0.48187246322564364,-1.563797825532032,0.4899456006094283
213,s648,420,748.0,0.0,Inferred,0.0,79,0,0.0,0.9324574501297046,3.12497966855945,0.9038723098641939,-0.5323538313996312,0.5161445085688153,-0.5927555697416752,0.566,-0.46788048279983635,0.5312114966262156,-0.33201727197566183,0.5418673661560605
214,s716,421,515.0,2.6435478515625,Inferred,0.0,79,0,79.46814229671806,79.46828629206513,80.07517466665139,-79.46798196259263,-2.8908381461764936,0.5200533497143052,-2.6358200359349446,0.566,-2.8358416554781187,0.5291313718286594,-2.7905678526468853,0.5488891473957939
215,s720,422,748.0,0.0,Inferred,0.0,79,0,59.52217862189044,59.522370870139476,60.148152666723604,-59.5220729344294,-2.7925440927293064,0.5242038806427778,-2.47043785641334,0.566,-2.68065936068929,0.5327042417795868,-2.7112383926281116,0.5551401081505373
216,s724,423,748.0,0.0,Inferred,0.0,79,0,39.582280314320585,39.58256940861278,40.247982257807514,-39.582209382373655,-2.445438070970156,0.523601365970885,-2.111342378995397,0.566,-2.27193238242383,0.5324045389277606,-2.386486168727874,0.5542763151383681
217,s728,424,349.0,0.0,Inferred,0.0,79,0,19.64368946805627,19.64427199016604,20.426713633390012,-19.643624080457748,-1.7386680184439591,0.4932899781036552,-1.4575837048266571,0.566,-1.41628571667625,0.501737312734026,-1.6222802464550459,0.5088872149276052
218,s732,425,748.0,0.30645880126953123,Inferred,16.440473556518555,79,0,0.0,0.34281710665558307,3.114777737975692,0.29545569226661644,-0.5106800297845764,0.516032545275577,-0.5927555697416752,0.566,-0.42943883526489757,0.5311941288829825,-0.3612256872837261,0.5420888611786123
219,s022,426,280.0,3.124045654296875,Inferred,502.7646484375,79,0,149.96090789478566,149.96098420167357,150.31408426557658,-77.83962428756956,-3.237686740592492,0.5147461085869542,-3.3477525240351116,0.566,-3.504122396169232,0.5214003029420741,-3.208875546068284,0.5429436865758839
220,s024,427,280.0,6.7215439453125,Inferred,815.8172607421875,79,0,144.88914614400596,144.88922512197144,145.21662376098334,-67.8495644556948,-2.9197449315793924,0.5107994719730081,-3.278363211693645,0.566,-3.2350070080178783,0.5208032318110684,-3.165780615734532,0.5423151143507976
221,s026,428,390.0,4.74124267578125,Inferred,300.6121826171875,79,0,140.34924865345496,140.34933018613066,140.64802782569106,-57.859348298110596,-3.1096654101429606,0.5179581077298445,-3.389889172500861,0.566,-3.5262484537108834,0.5275063211796639,-3.2591389105635047,0.5485361104672567
222,s028,429,515.0,0.30752340698242187,Inferred,150.0,79,0,136.39442823031197,136.39451212706442,136.66143950527288,-47.86898285380841,-3.3776384068420326,0.5221944534550017,-3.4566971929832206,0.566,-3.594110536149216,0.5310759275625131,-3.3390489753854524,0.5524606077268706
223,s030,430,515.0,0.307890869140625,Inferred,150.0,79,0,133.07806775579837,133.07815374329124,133.31028971999513,-37.87793318589051,-3.35657693478651,0.5221204350653699,-3.4106468799567393,0.566,-3.55726099821613,0.5309912797206968,-3.3084580423499768,0.5523058312640812
224,s032,431,748.0,0.0,Inferred,0.0,79,0,130.44848791300456,130.44857563383164,130.64311276694275,-27.888158784226828,-3.4679961906864323,0.5249553001983267,-3.5370728837261014,0.566,-3.6155553747361378,0.5332380133224016,-3.44283495782951,0.5563722162500966
225,s034,441,354.0,0.0,Inferred,0.0,79,0,128.5462608721644,128.54634989108303,128.70085130176864,-17.897822043258465,-3.228463093464962,0.5176877677899581,-3.18360122732334,0.566,-3.2899401676534894,0.5247699524969878,-3.112347093835642,0.5455999661158426
226,s036,442,748.0,0.0,Inferred,0.0,79,0,127.40583036883471,127.40592018457573,127.51849667745715,-7.907798247646667,-3.4476018450342027,0.5249388054949632,-3.4944976314568112,0.566,-3.581115133199189,0.5332228451300665,-3.413665369834661,0.5563373821975814
227,s038,443,748.0,0.0,Inferred,0.0,79,0,127.04689690645779,127.04698697594647,127.11643763144671,2.0823396018517877,-3.4451641403713564,0.5249368126601235,-3.4894632925441282,0.566,-3.577036399174557,0.5332210260170752,-3.410194692189328,0.5563331734587343
228,s040,444,748.0,0.0,Inferred,0.0,79,0,127.44142377833664,127.47623839243484,127.5021426088598,12.072584372354008,-3.4480163277069837,0.5249391438825076,-3.4949967204596355,0.566,-3.5818549556340655,0.5332231745728802,-3.4143445627445597,0.5563382042172015
229,s064,445,280.0,1.9993072509765626,Inferred,494.3922119140625,79,0,147.48971846514885,147.48979605055757,147.88410934386744,-87.92612101517643,-3.2393815940655344,0.5147641946607372,-3.3139902436735604,0.566,-3.4780790658926124,0.5211128706981155,-3.18798350324865,0.5426421687799435
230,s068,"446,544",390.0,1.46910498046875,Inferred,439.7562255859375,79,0,136.2352909296881,136.2353749244408,136.58130595286863,-67.94667232241602,-3.2664131526597426,0.5190565765762799,-3.3330145805629767,0.566,-3.4813212220658287,0.5272614228360257,-3.2222000281805085,0.5482047807335118
231,s072,447,280.0,5.95648974609375,Inferred,873.3922119140625,79,0,127.15753400394154,127.15762399506269,127.44152351547139,-47.96603988228359,-2.8547313744934897,0.5098417651065696,-3.03248723033692,0.566,-3.0370870001449055,0.5184796555054637,-3.0078137490282235,0.539779246863577
232,s076,448,748.0,0.3066384582519531,Inferred,16.440473556518555,79,0,120.74978518681242,120.74987995342912,120.95751509218414,-27.98666723398142,-3.389022607523962,0.5248896318417718,-3.400714639361321,0.566,-3.5065080520386402,0.533188053481268,-3.3482350112904786,0.5562556796269251
233,s080,449,748.0,0.0,Inferred,0.0,79,0,117.44978641900387,117.4498838482858,117.56941555980791,-8.006223805068942,-3.3773149687179207,0.5248794761024947,-3.353866195980894,0.566,-3.4666295986511133,0.5331699363569483,-3.3149117143486975,0.5562121008619872
234,s084,450,748.0,0.0,Inferred,0.0,79,0,117.46657968203594,117.51952506888517,117.54504639102166,11.973282531149646,-3.3777204090277535,0.5248798296630284,-3.3541052242953797,0.566,-3.467345649532568,0.5331702792587142,-3.315621333987183,0.5562130431108477
235,s109,451,515.0,0.30576837158203124,Inferred,150.0,79,0,133.50626076608307,133.5063464777895,133.89833183796722,-78.04507022641472,-3.359407001751416,0.5221304663650921,-3.416603647243555,0.566,-3.562032157409748,0.5310023598181185,-3.3124343776550096,0.5523262035123702
236,s111,452,349.0,0.3071549072265625,Inferred,150.0,79,0,127.77650814566067,127.77659770084773,128.14300507030217,-68.05496970727508,-3.2074890415083455,0.5173480093194965,-3.1666034897021715,0.566,-3.346150015288077,0.5243820919708827,-3.0994768190443858,0.5452122083005914
237,s113,453,390.0,1.0777171630859375,Inferred,300.1181640625,79,0,122.59796617949999,122.59805951749816,122.9349747500556,-58.065681930391015,-3.177434497545894,0.5184526901396405,-3.142340324485999,0.566,-3.3298702413954255,0.5263775230325786,-3.0946132964750883,0.5469674077142102
238,s115,454,280.0,6.16678662109375,Inferred,1113.4107666015625,79,0,118.04320694429303,118.04330388378405,118.34651326566753,-48.075260088860716,-2.7822408733071873,0.5087060671920427,-2.9042325138680067,0.566,-2.9314564552631603,0.5171238248775307,-2.921477275728214,0.5382258853330117
239,s117,"455,545",390.0,2.602469482421875,Inferred,300.0954284667969,79,0,114.18784538467398,114.18794559716191,114.45311591621171,-38.086098739478054,-3.1176275797802546,0.5180178348198289,-3.023228386339323,0.566,-3.234082994949153,0.5257708307133906,-3.0114357842201467,0.546077280562251
240,s119,456,748.0,0.3068457336425781,Inferred,16.440473556518555,79,0,111.10379801549486,111.10390100970388,111.32681032933002,-28.096793819338647,-3.31712704993229,0.5248254757831877,-3.2630585129559386,0.566,-3.3935757053453828,0.5331333506078841,-3.249027792666876,0.5561218407644503
241,s121,457,390.0,0.306906494140625,Inferred,301.0687561035156,79,0,108.85710020652252,108.8572053264233,109.03405380370447,-18.106376606378483,-3.1043422523498707,0.5179179314896034,-2.9471656189127255,0.566,-3.172177861304378,0.5253587018492808,-2.956659987626071,0.54545229777491
242,s123,458,748.0,0.0,Inferred,0.0,79,0,107.49974998525478,107.4998564324552,107.62762476835397,-8.116805972739826,-3.3008948539837815,0.5248103858675298,-3.211033319210951,0.566,-3.3488800268183163,0.533111478465072,-3.2104704945257,0.5560663897844348
243,s125,459,354.0,0.0,Inferred,0.0,79,0,107.06674493712289,107.06685181482234,107.14359693541496,1.872453002602731,-3.075320836627954,0.5163998433128503,-2.879400318341494,0.566,-3.0462252673035257,0.5227612920904795,-2.90012733259477,0.5428685459757837
244,s127,460,387.0,0.0,Inferred,0.0,79,0,107.49154356701996,107.56763507686297,107.59363952148301,11.861827341589146,-3.1038928828526657,0.5178170777705532,-2.9242512544652235,0.566,-3.084066687086668,0.5250735021131702,-2.9401115972905676,0.5451144507496513
245,s153,461,390.0,0.3072190856933594,Inferred,301.2633972167969,79,0,119.55348098018742,119.5535766950794,119.94258939312998,-68.17597846440702,-3.1831867700862007,0.5184932589741795,-3.0993476514526477,0.566,-3.2954357746630483,0.526163732849151,-3.064934165036454,0.5466576989147912
246,s157,462,390.0,0.3094384460449219,Inferred,300.05908203125,79,0,109.08128409123475,109.08138899509329,109.40667787627771,-48.19718803415004,-3.105972566901293,0.5179302571512863,-2.9503732453282465,0.566,-3.174802292783462,0.5253764952438406,-2.958998203303574,0.5454796304257777
247,s161,463,354.0,1.4878021240234376,Inferred,300.1308898925781,79,0,101.52344340913865,101.5235561224821,101.764474241722,-28.217672323021176,-2.992500958717317,0.5156238070208389,-2.7998431934744903,0.566,-3.0507382097953513,0.5221669128940439,-2.840998035291799,0.542006701305863
248,s165,464,748.0,0.3040765686035156,Inferred,16.440473556518555,79,0,97.55764862332181,97.55776591854551,97.69543939117918,-8.239547054001747,-3.205069144366468,0.524716516208187,-3.0655946387367417,0.566,-3.2284603660678775,0.5330465462045499,-3.1074149030793703,0.5559080768331538
249,s169,465,354.0,0.0,Inferred,0.0,79,0,97.51923357775576,97.62381383565871,97.65039561593673,11.739191553950855,-2.9980997025226115,0.5156781410197151,-2.742112698487628,0.566,-2.9336036751796817,0.5217246344609897,-2.8057521630180196,0.5414702336965171
250,s193,466,390.0,0.0,Inferred,0.0,79,0,118.14335744680714,118.14345430412232,118.58114182689927,-78.29778592667172,-3.1851375260620682,0.5185069678982266,-3.0793859806671686,0.566,-3.20939730370832,0.5260625095403381,-3.0510253050395257,0.5465095730710474
251,s195,467,349.0,0.306998779296875,Inferred,220.0,79,0,111.61925804440642,111.6193605629865,112.03322968604716,-68.30818105367933,-3.0943374523962612,0.5163757716441495,-2.9382225079259254,0.566,-3.163999655096398,0.5228485630944928,-2.94169057338114,0.5431702052669664
252,s197,468,540.0,0.3050122375488281,Inferred,16.271791458129883,79,0,105.64374011755673,105.64384843488078,106.02894633843235,-58.318838390691404,-3.173849412895587,0.5218708271352209,-3.04251429278119,0.566,-3.1912544715856432,0.5307584457494782,-3.0537948879475034,0.5515066115963728
253,s199,469,515.0,0.30681011962890625,Inferred,300.0426330566406,79,0,100.31395279257154,100.31406686490419,100.66468306523936,-48.32933044535386,-3.1155798060982804,0.5211613130470297,-2.9446769065939895,0.566,-3.1762072791494687,0.5299875286042314,-2.9757567036885595,0.5503020608587361
254,s201,470,455.0,3.193905029296875,Inferred,150.0,79,0,95.73875720270713,95.73887672635972,96.04869581566768,-38.34107488761609,-2.9885147701756307,0.5190527954608869,-2.824500611567381,0.566,-3.071498098721783,0.5277333254721726,-2.8880795867271845,0.5475012088693344
255,s203,471,455.0,2.0083995361328126,Inferred,303.03338623046875,79,0,92.0299086920694,92.03003303257489,92.29246039921267,-28.351691292532138,-2.9796315075216544,0.5189953815520487,-2.7702213563155635,0.566,-3.0248639997591606,0.5275127958151568,-2.857020560899085,0.5471963347740249
256,s205,472,748.0,0.30726467895507814,Inferred,150.0,79,0,89.29556987791884,89.29569802587626,89.50443887469406,-18.362163337680773,-3.1286821137315957,0.5246355022960678,-2.9422538121841404,0.566,-3.191063694843843,0.5329866872673589,-3.0363133255144437,0.5557897498838961
257,s207,473,748.0,0.0,Inferred,0.0,79,0,87.62671450282966,87.62684509136805,87.77664466048218,-8.373473708055252,-3.1246700147452398,0.5246310878869528,-2.9170272687099024,0.566,-3.0990993720456057,0.5329738504118503,-3.0211615726272103,0.5557635223995685
258,s209,474,387.0,0.0,Inferred,0.0,79,0,87.08574775983195,87.08587915957025,87.17326736448476,1.6149126203689066,-2.9272961822406893,0.5163481364745078,-2.628537040520898,0.566,-2.8329593759343346,0.523182821385027,-2.751067000333426,0.5426322991876371
259,s211,475,280.0,0.0,Inferred,0.0,79,0,87.5492010461112,87.68870104597056,87.7159919931061,11.603856785811699,-2.849676089849722,0.5097649263942667,-2.472640246070347,0.566,-2.7361632681645642,0.5115609905850753,-2.6380885297261703,0.5321610096588804
260,s234,476,390.0,0.9900147705078125,Inferred,85.74756622314453,79,0,104.0400975112035,104.04020749809628,104.48121471088889,-68.45255675609506,-3.039882496044612,0.51741548107534,-2.8780555444278897,0.566,-3.115292306609697,0.5249660319597536,-2.9056393111163707,0.5448409319660604
261,s238,477,387.0,2.9117666015625,Inferred,150.0,79,0,91.79694783598298,91.79707249203744,92.17681528241864,-48.474619371377024,-2.932675328745895,0.5163964582072643,-2.6974239472430392,0.566,-2.962938487450143,0.5236586228355764,-2.7919946079326206,0.5432066815918838
262,s242,478,515.0,2.077192626953125,Inferred,150.0,79,0,82.65280426109278,82.65294270822253,82.94139324128943,-28.49646652107149,-2.9240720129486055,0.5202317751532787,-2.6838043038759207,0.566,-2.9494242868549208,0.5292772869838714,-2.8215663313297554,0.549142560766529
263,s246,479,748.0,0.0,Inferred,0.0,79,0,77.71073093615938,77.71087818792395,77.87586709637945,-8.51956376419368,-3.021321454915448,0.5245116122530754,-2.7646149239214908,0.566,-2.9634179371675575,0.5328915094560883,-2.9247742953203906,0.5555879260627978
264,s250,480,280.0,0.0,Inferred,0.0,79,0,77.58573225377283,77.76907619078999,77.79725180186972,11.45690289087265,-2.7524308002899898,0.5082173923208553,-2.332291051407549,0.566,-2.6090919378259385,0.5092681951533439,-2.5478251450903158,0.5298770342955236
265,s271,481,540.0,0.3070369262695313,Inferred,150.0,79,0,96.89820860322196,96.89832669669644,97.36858250844973,-68.6076960723595,-3.100104249210913,0.521583411967258,-2.9152885969895896,0.566,-3.1528525159342387,0.5304961108304918,-2.9665503811778553,0.55097447874719
266,s273,482,390.0,0.3082537536621094,Inferred,87.282958984375,79,0,89.94065224536416,89.94077947420584,90.38611948880822,-58.61926947073999,-2.9444103028891164,0.5166146594367135,-2.673628465558174,0.566,-2.9421987702087593,0.5236886171240316,-2.779069485292262,0.543194432461501
267,s275,483,280.0,1.854497802734375,Inferred,340.3052978515625,79,0,83.60588069783421,83.60601756671994,84.01919050109727,-48.630669334247514,-2.7740185747036543,0.5085725645189778,-2.416994856308183,0.566,-2.755188984624709,0.5106598154192652,-2.602164699485661,0.5312741370532638
268,s277,484,455.0,1.7545164794921875,Inferred,300.7056884765625,79,0,78.04675982903791,78.0469064468139,78.41893610020706,-38.64233695007379,-2.8410704069125217,0.5180373985011824,-2.5626673087367102,0.566,-2.8396058897510232,0.5265830072353533,-2.7278119808852206,0.5458312792806864
269,s279,485,748.0,0.30576736450195313,Inferred,16.440473556518555,79,0,73.43870047179112,73.4388562893762,73.75925064868058,-28.653844867046555,-2.960553176064555,0.5244359378947587,-2.697437798866113,0.566,-2.903261903309613,0.532852345104232,-2.8794340473568885,0.5554998694184256
270,s281,486,515.0,0.0,Inferred,0.0,79,0,69.97001999118955,69.97018353322837,70.22776739614014,-18.665200074734585,-2.8224836704586354,0.5196691841009358,-2.4905709317481346,0.566,-2.698910260259641,0.5286541088853892,-2.690349085709652,0.5480196822669369
271,s283,487,748.0,0.0,Inferred,0.0,79,0,67.81554369380733,67.81571243150727,68.00026237481116,-8.677385352209317,-2.904325804903039,0.5243621244816183,-2.6073647635741533,0.566,-2.816495746817972,0.5327966937294952,-2.8156072205275757,0.5553696618205535
272,s285,488,354.0,0.0,Inferred,0.0,79,0,67.10304289220296,67.103213421557,67.20757772006615,1.3101344282939755,-2.6889586076682086,0.5122272316223658,-2.2955544597281783,0.566,-2.527456572636285,0.5174227240276044,-2.517719691435042,0.5363800242221272
273,s287,489,280.0,0.0,Inferred,0.0,79,0,67.62979268650906,67.86985356458119,67.8991583493189,11.299195814155459,-2.6430146103375867,0.5063099073630912,-2.193079334469667,0.566,-2.4724586065239818,0.5066340454188275,-2.4462617296334725,0.5270774733606938
274,s307,490,387.0,3.14015771484375,Inferred,617.9174194335938,79,0,90.29798324771298,90.29810997308,90.79922744773484,-68.77457832975537,-2.901370171510121,0.5161119128759022,-2.6755485951455342,0.566,-2.91142641826508,0.5235102083265947,-2.7791971904079023,0.5430293752567449
275,s311,494,280.0,1.1223736572265626,Inferred,320.9423828125,79,0,75.84776624318368,75.84791711172319,76.29915378296997,-48.79889358551751,-2.695663911613619,0.5072505529764988,-2.3079042939504286,0.566,-2.65393281615292,0.5087960618957762,-2.52909934277636,0.5293796439468467
276,s315,495,748.0,0.3041665344238281,Inferred,16.440473556518555,79,0,64.45547036521644,64.45564789921433,64.81579868853174,-28.822960092824736,-2.8486464918383203,0.5242852705525022,-2.5525287567356134,0.566,-2.7647152174318075,0.5327608803381523,-2.7749246954182185,0.5552827048546718
277,s319,496,387.0,0.0,Inferred,0.0,79,0,57.95362692106183,57.95382437261427,58.164464131439196,-8.846399075133743,-2.590821534108824,0.512814267145574,-2.1916455718226553,0.566,-2.4086505075159423,0.5194097375740576,-2.4375234937792225,0.5374566016011892
278,s323,497,280.0,0.0,Inferred,0.0,79,0,57.68580818114635,58.00182175949403,58.03263673713891,11.12791461331444,-2.518030525533563,0.5038982440212468,-2.055424919197341,0.566,-2.3218755836329104,0.5035411088282155,-2.330243772276647,0.5235589511215182
279,s345,498,387.0,3.047128662109375,Inferred,578.2242431640625,79,0,84.36865620842791,84.3687918398865,84.90136214885652,-68.95407475930722,-2.8564301791481848,0.5156891290919022,-2.588624797114771,0.566,-2.8676068450695977,0.522895360818462,-2.7264796774780375,0.5422768278894053
280,s347,499,280.0,3.33248388671875,Inferred,305.9283752441406,79,0,76.26560497966152,76.2657550216345,76.78258249683974,-58.9665582597717,-2.660880008920218,0.5066339365491896,-2.3137643268034704,0.566,-2.659532663645076,0.5089016602859242,-2.5332096144775016,0.5294895319227259
281,s349,500,280.0,0.4734052734375,Inferred,220.0,79,0,68.66841057154231,68.66857721351231,69.16229546613086,-48.977883066557105,-2.6356585372695647,0.5061750229742342,-2.2075427938601004,0.566,-2.5545688869872922,0.5068743545570046,-2.454953393558899,0.5273270058732948
282,s351,"501,803,808,817,832,995,1003,1005,1006,1011",349.0,0.305044921875,Inferred,87.8007583618164,79,0,61.76601648113253,61.766201745402256,62.22591624145098,-38.99044454632952,-2.6064903493872467,0.5108267204738336,-2.209760580522938,0.566,-2.5106981529514476,0.5158316773182452,-2.4497761328004732,0.534531726501503
283,s353,502,748.0,0.3038155822753906,Inferred,16.440473556518555,79,0,55.81523375981495,55.81543877610373,56.22557495037939,-29.002838008607082,-2.7254805952414367,0.52410114254427,-2.4073454870229076,0.566,-2.6165399458995404,0.5326580210798969,-2.6598671270233964,0.555019101613099
284,s355,503,748.0,0.0,Inferred,0.0,79,0,51.15041046319326,51.15063417651191,51.49068689100779,-19.015504695350117,-2.6630642264527937,0.5239999438195693,-2.3259376597787758,0.566,-2.5266908236144965,0.5325945986452915,-2.5902371568116815,0.5548461589994582
285,s357,504,748.0,0.0,Inferred,0.0,79,0,48.14585420486745,48.14609187901495,48.39318912371346,-9.028017196004122,-2.6115049438272244,0.5239121092929031,-2.2721280597784634,0.566,-2.4660014971105504,0.5325501679961961,-2.5420137194950128,0.5547201122297098
286,s359,"505,926,978",354.0,0.0,Inferred,0.0,79,0,47.11911389287422,47.11935674598975,47.25504983335837,0.9590760404503135,-2.403173264623364,0.5080900086749152,-1.9883733357604627,0.566,-2.18445872489485,0.5131828087565456,-2.251043093170675,0.5303632208018138
287,s361,506,354.0,0.0,Inferred,0.0,79,0,47.7611969112112,48.18431556913601,48.21721796087242,10.94587574354995,-2.418963647396573,0.5083456527849525,-1.9987439958158923,0.566,-2.203962537405409,0.5134358408505916,-2.2677272529177728,0.5307812750354197
288,s383,507,390.0,0.0,Inferred,0.0,79,0,97.41041897390042,97.41053644640817,97.98191816823213,-89.1198387553609,-3.023035241061754,0.5172791879944761,-2.7823404371788745,0.566,-2.9652802914525,0.5243909385672524,-2.8411744580826865,0.5440261994796807
289,s387,508,387.0,4.071462890625,Inferred,649.800537109375,79,0,79.25780234537832,79.25794672286972,79.8208385526263,-69.1439065748184,-2.6913211494790197,0.5139817025336403,-2.51316057411254,0.566,-2.7135489966665842,0.522325914389955,-2.678089034944698,0.541553700173479
290,s391,509,390.0,2.57323095703125,Inferred,304.2862548828125,79,0,62.26988391302655,62.27006767820314,62.80929051938312,-49.16905121199283,-2.613489995074507,0.513242057260692,-2.2609258400096657,0.566,-2.5522878346240714,0.5203734672773047,-2.4951963558461823,0.5387387111259655
291,s395,510,748.0,0.0,Inferred,0.0,79,0,47.707089000524185,47.70732886056537,48.18025946429673,-29.195325831852852,-2.603715896953505,0.523898496958694,-2.2641698619546484,0.566,-2.45685513659557,0.5325434195834127,-2.5347263108005462,0.5547006045301236
292,s399,511,748.0,0.0,Inferred,0.0,79,0,38.431578120261925,38.43187587042809,38.733180046660216,-9.221373588535597,-2.4205390716752957,0.5235509082774286,-2.0887247487679614,0.566,-2.242983312757671,0.5323824566832678,-2.3631348297393022,0.5542045127266194
293,s403,512,354.0,0.0,Inferred,0.0,79,0,37.87244053339221,38.45709285083671,38.4930751234103,10.751233349391473,-2.239006188028612,0.5052271180742313,-1.8323814347974172,0.566,-1.9927439839130765,0.5106397075671344,-2.1006669310787935,0.5263218353176823
294,s427,513,390.0,0.6869344482421875,Inferred,303.34930419921875,79,0,94.0950164152792,94.09513802688139,94.68334193935904,-89.32050474330956,-2.967505848207646,0.5168148176849308,-2.734206479228471,0.566,-2.9943920904807264,0.5240868189988831,-2.8141996182929274,0.5436707178617468
295,s429,514,280.0,2.84070166015625,Inferred,470.7363586425781,79,0,84.55350731045301,84.55364264539422,85.14287512414245,-79.3333152091469,-2.7831193275532913,0.508720272912237,-2.430356714260778,0.566,-2.7672015901571902,0.5108744417244576,-2.610648042290368,0.5314861665685124
296,s431,"515,928,979",280.0,5.469611328125,Inferred,815.722900390625,79,0,75.13529380437478,75.13544610352638,75.72500331451754,-69.34592237758562,-2.46366551110186,0.5027667160726195,-2.2979166236430943,0.566,-2.4287805147111987,0.5086145192171079,-2.522041573698153,0.5291900146869396
297,s433,516,280.0,4.6620146484375,Inferred,730.2249755859375,79,0,65.89418653664968,65.89436019442773,66.4827646286606,-59.35876764843021,-2.418844560350961,0.5017944545754043,-2.168943993727271,0.566,-2.333039624335083,0.5060712445532449,-2.4243486046918568,0.5264398480378405
298,s435,"517,929,980",280.0,2.728889404296875,Inferred,481.20538330078125,79,0,56.91629816916441,56.91649921936016,57.50069856752869,-49.3724003030897,-2.4679207972763444,0.5028571542281169,-2.044839517849021,0.566,-2.3751764929477917,0.5031867031343343,-2.3163882520248325,0.5231146583357511
299,s437,518,280.0,2.397216552734375,Inferred,300.838623046875,79,0,48.34793881983229,48.34817550055475,48.92176317552006,-39.38530736640445,-2.3410740713659908,0.5000201158103375,-1.9251565836613496,0.566,-2.2252564343706833,0.49991336910208994,-2.1976114515772447,0.5190834247116665
300,s439,519,748.0,0.307345458984375,Inferred,16.440473556518555,79,0,40.44982324937517,40.4501061433946,40.9994452035061,-29.39858063724859,-2.4515643710681934,0.5236136208944924,-2.1282158932717974,0.566,-2.2948582240088,0.5324207554672039,-2.403660776498885,0.5543282374091298
301,s441,520,748.0,0.0,Inferred,0.0,79,0,33.69812984583987,33.69846941944517,34.194752522547944,-19.41211883487235,-2.310062879314433,0.5233140622345912,-1.9924851790048734,0.566,-2.1150430173265957,0.5322841775675214,-2.259396473916121,0.5538682038008048
302,s443,521,748.0,0.0,Inferred,0.0,79,0,28.907512557525628,28.907908405308383,29.29697123107174,-9.425928752771933,-2.182301279129063,0.5230123533932314,-1.8886382110257467,0.566,-1.968491248527309,0.532171004513319,-2.139102950230055,0.5534410138001984
303,s445,522,387.0,0.0,Inferred,0.0,79,0,27.13496112397658,27.135382829544117,27.348229352008975,0.5598755069379814,-1.988982178210878,0.5033658253852876,-1.6549133717762419,0.566,-1.699908556182328,0.5120268409046973,-1.8445525158654805,0.5229720937631746
304,s447,523,354.0,0.0,Inferred,0.0,79,0,28.056449523299605,28.910671341538333,28.951547807166477,10.54582891949696,-2.0160210816092348,0.5006979863369776,-1.6475969286104892,0.566,-1.7337710961454933,0.50710768117017,-1.8605266305658783,0.5187711368462486
305,s472,524,280.0,5.253955078125,Inferred,810.2114868164062,79,0,72.16999691162404,72.17015546837918,72.77959014280847,-69.55914684458173,-2.4464336403050626,0.5023971904245808,-2.2564117780806288,0.566,-2.38940037264052,0.5078380255791649,-2.4919777415514255,0.5283688095514948
306,s476,525,390.0,2.1677568359375,Inferred,305.5264587402344,79,0,52.924396692212895,52.92461290685944,53.546733252285556,-49.58597843793345,-2.480770843767676,0.5115903839420258,-2.1162241752373756,0.566,-2.3922954367798788,0.5188574667833078,-2.371112938578031,0.5364114336894792
307,s480,526,748.0,0.3088460693359375,Inferred,16.440473556518555,79,0,34.585199020033805,34.585529884064876,35.217868952249354,-29.614015466748587,-2.3195996701805903,0.5233353639870046,-2.010949973448534,0.566,-2.141791316009639,0.5323035603260567,-2.279862882919153,0.5539368427221998
308,s484,527,748.0,0.0,Inferred,0.0,79,0,19.84822275942107,19.848799278893367,20.396459027621905,-9.642226595777116,-1.8766055275967712,0.5221573980621683,-1.6650665282688832,0.566,-1.6291526618737264,0.531912999945072,-1.8490753615482725,0.5522311126450233
309,s488,528,354.0,0.0,Inferred,0.0,79,0,18.431316813831845,19.808722607984475,19.858668731750242,10.327816354039895,-1.7305208543330795,0.4937393522417667,-1.4310656891538238,0.566,-1.4127344478826525,0.5027601951767944,-1.4394427424419112,0.501976100034575
310,s510,529,387.0,2.885576416015625,Inferred,504.8869323730468,79,0,80.48029792358851,80.48044010798998,81.09183577969571,-79.77061089520315,-2.823204602455471,0.5153653957267543,-2.531259509121142,0.566,-2.815908829963875,0.5224657378905305,-2.689931662759214,0.5417336000978926
311,s512,"530,651,652,743,745,766,767,768,769,1007",280.0,4.19408642578125,Inferred,718.963623046875,79,0,70.5088676880811,70.50902998029063,71.12846214189034,-69.7845597041787,-2.5115452532484004,0.5037659628840658,-2.233208596224097,0.566,-2.407853363309847,0.5073874836644989,-2.4746276919501335,0.5278848431917165
312,s514,531,387.0,3.350566162109375,Inferred,623.028076171875,79,0,60.55198230471641,60.55217128342209,61.18210658855074,-59.79830376053723,-2.5464932243111216,0.5122661750505271,-2.231610493301918,0.566,-2.481420818200687,0.5198254416456431,-2.4710196196178638,0.5380804571890135
313,s516,532,390.0,2.9016708984375,Inferred,305.3012390136719,79,0,50.61901081040324,50.61923687225951,51.26345664378927,-49.81228445258956,-2.4446592010428674,0.5111077895145306,-2.079540779835083,0.566,-2.3492267248899745,0.5184364908055192,-2.337314941961859,0.5357331227953848
314,s518,533,390.0,1.1683675537109375,Inferred,150.0,79,0,40.726807588369994,40.72708855843134,41.39179132347102,-39.826074008536146,-2.2700614029498154,0.5085594330903336,-1.914576854157698,0.566,-2.1423375151925943,0.5163528652574885,-2.1736232478272024,0.5321592357481604
315,s520,534,349.0,0.30872320556640626,Inferred,150.0,79,0,30.91570029249058,30.916070427551094,31.612316704155713,-29.840655966736357,-2.0602045137246385,0.501149161198918,-1.6997860006166667,0.566,-1.8653618530356784,0.5070776056002345,-1.938070039595884,0.5206468168798754
316,s522,535,748.0,0.0,Inferred,0.0,79,0,21.297149204678796,21.29768650235391,22.047161777077836,-19.855494456813993,-1.9328419089936597,0.5223295679775564,-1.7040782013291398,0.566,-1.6899657036441205,0.5319583721248567,-1.9027399295215033,0.5524752311174024
317,s524,536,748.0,0.0,Inferred,0.0,79,0,12.32922891089453,12.330156999950763,13.170765912411817,-9.870161893729136,-1.5166824438011623,0.520885987274207,-1.4281201965523913,0.566,-1.2625201745402965,0.5316535300668596,-1.4998579172251905,0.550402378167946
318,s526,537,354.0,0.0,Inferred,0.0,79,0,7.149598880392497,7.151199218082719,7.843919499998692,0.11435889286530691,-1.1480601314274115,0.4758546197386676,-1.052719082156365,0.566,-0.8091727036804488,0.4954831680952626,-0.8993255454011073,0.4747559483639162
319,s528,538,354.0,0.0,Inferred,0.0,79,0,9.589290479428028,12.18438518124245,12.257191852138192,10.099037378240684,-1.3812634332457467,0.4834916882770143,-1.1582800616286122,0.566,-1.0508257524891034,0.49819549732575275,-1.0004514674059928,0.4801213450506784
320,s552,539,280.0,2.537576416015625,Inferred,466.9120788574219,79,0,70.19773034722432,70.19789335875981,70.81726244929523,-70.05425646753038,-2.63375863452158,0.5061400457105732,-2.2288665016196667,0.566,-2.576274022040849,0.5073017883119161,-2.4713355651310924,0.5277921719814844
321,s556,540,390.0,2.9125927734375,Inferred,180.0,79,0,50.16432805094183,50.16455616178326,50.81066079137966,-50.10526149968341,-2.4373565752942783,0.5110084058431519,-2.0722371855419364,0.566,-2.3405334817014496,0.5183509178832071,-2.3304780640558413,0.5355935111472323
322,s560,541,354.0,0.497287841796875,Inferred,190.0,79,0,30.130573338397003,30.130953118126175,30.838526092332458,-30.129201459322093,-2.0361096216796217,0.5011378148534655,-1.6888729871603538,0.566,-1.8451927332458955,0.5076754462219204,-1.9235570617218758,0.5208902280328833
323,s564,542,748.0,0.0,Inferred,0.0,79,0,10.09754005206793,10.09867324005056,11.091599723092507,-10.095536948363868,-1.3806123273519857,0.5203279065784344,-1.3398217056035286,0.566,-1.1342397276022829,0.5315699918190296,-1.3637151500732612,0.5495742418068975
324,s568,543,387.0,0.0,Inferred,0.0,79,0,6.088673679799592,9.80279001305043,9.886438959923417,9.93799621078041,-1.2203823903936344,0.48416164568288395,-1.0150306406244352,0.566,-0.9007057289600258,0.504084092547386,-0.8284901403257575,0.4812598883951713
325,s591,546,390.0,2.072730224609375,Inferred,0.0,79,0,79.5788448098752,79.57898860491002,80.19128522583391,-79.57848504116392,-2.815885973252016,0.5154212077325692,-2.521148119658693,0.566,-2.736338525844429,0.5226000588339974,-2.684114483121651,0.5418283272422756
326,s593,547,280.0,2.149492919921875,Inferred,308.83843994140625,79,0,69.58586688053984,69.58603132542054,70.2067775791077,-69.58554259734272,-2.6267800709220808,0.5060110759293708,-2.2203313483771114,0.566,-2.567627985957345,0.507132029483514,-2.4648215682462644,0.5276080126593123
327,s595,548,515.0,1.274846435546875,Inferred,0.0,79,0,59.600481452432774,59.600673448107784,60.23258963208133,-59.60019270053752,-2.648733067788995,0.5185809230722491,-2.3274692119973084,0.566,-2.533321397516162,0.5280413892174803,-2.564552308535491,0.5468123609546163
328,s597,549,515.0,0.0,Inferred,0.0,79,0,49.62804357277197,49.62827414858541,50.27563120280485,-49.62567683809405,-2.534777292021677,0.517772103423223,-2.1640102157933403,0.566,-2.3502751114511238,0.5273248732291891,-2.4217491393888375,0.5452703723868324
329,s599,550,387.0,1.01502392578125,Inferred,190.0,79,0,39.65453283986357,39.65482140741546,40.32576902553681,-39.65432173652123,-2.247278503941393,0.5079813903832489,-1.8932305144893746,0.566,-2.1153075075337915,0.5157210358367367,-2.1512212492318645,0.5313280269130752
330,s601,587,354.0,0.30699761962890626,Inferred,200.0,79,0,29.708339321593826,29.708724498927165,30.418588174117257,-29.70512694745625,-2.0322826234319153,0.5010545212132588,-1.6805845774370247,0.566,-1.832738977398406,0.5075047471087516,-1.9134482435441638,0.5205571039999637
331,s603,552,354.0,0.396671630859375,Inferred,180.0,79,0,19.762464799082792,19.763043820251568,20.549443566683433,-19.76112614236055,-1.7304129663357941,0.493736471638857,-1.4642578292275272,0.566,-1.4923983262619895,0.5028883015675103,-1.6294125227812672,0.5101245610616268
332,s605,553,748.0,0.30607028198242187,Inferred,16.440473556518555,79,0,9.816758878315143,9.81792447420413,10.821851948320349,-9.816704370374461,-1.3503458524618603,0.5201981319394071,-1.3277812382364353,0.566,-1.1189718557837351,0.5315593285790146,-1.3451638964451182,0.5494564516665433
333,s607,554,748.0,0.0,Inferred,0.0,79,0,0.0,0.261744730829799,3.1318543602785733,0.12762943076556307,-0.5218302368443188,0.5160900897893044,-0.5927555697416752,0.566,-0.4227636581844454,0.5311919619923728,-0.41668949381064707,0.542515266747117
334,s609,555,387.0,0.0,Inferred,0.0,79,0,6.213194784148434,9.938566388810118,10.018065390030928,10.071708624613903,-1.228800213644427,0.4844095390454682,-1.0218457504793823,0.566,-0.908108892502421,0.5041482222119269,-0.8377760365431033,0.48169959160358544
335,s634,556,280.0,0.0,Inferred,0.0,79,0,69.14327009096945,69.1434355884848,69.7646575949232,-69.14299490443236,-2.658672394013504,0.506594168087717,-2.2141605003059226,0.566,-2.4913424547078016,0.5070081969017247,-2.460076230774734,0.5274731887494724
336,s638,557,748.0,0.0,Inferred,0.0,79,0,49.12893879539694,49.12917171363726,49.77802576038177,-49.12874359728095,-2.628710296778704,0.5239418559574469,-2.289863719426717,0.566,-2.486224308589209,0.532565041459484,-2.5581087923207826,0.5547627662185957
337,s642,558,387.0,0.306144775390625,Inferred,150.0,79,0,29.1159363680031,29.116329382183512,29.829880434561353,-29.115322781741366,-2.0316325750732407,0.5041912045635644,-1.6956012583317164,0.566,-1.8323088155222649,0.5126970946691796,-1.9240011740544154,0.5253304138661314
338,s646,559,280.0,0.3078817443847656,Inferred,160.0,79,0,9.106671579988566,9.107928050438733,10.144013565307473,-9.102225233314586,-1.2715737128063715,0.46357745297348024,-1.1467163090330514,0.566,-1.017845820760985,0.4723536735286369,-1.1434313987376956,0.46352958242299097
339,s650,560,748.0,0.0,Inferred,0.0,79,0,7.050646913296127,10.758736900450662,10.8179543772497,10.910306776998448,-1.3366191535094003,0.5201386145751496,-1.193464007842666,0.566,-1.1079430855622177,0.531553404585483,-0.9781353248150773,0.5469024540129788
340,s674,561,390.0,1.6244678955078125,Inferred,0.0,79,0,78.98910264676873,78.98924751539265,79.6002706332124,-78.98888114018958,-2.809713697721592,0.5153603554297409,-2.512404880094409,0.566,-2.7283148255992793,0.5225334639839128,-2.6783575308059895,0.5417416725298309
341,s676,562,387.0,0.0,Inferred,0.0,79,0,68.9749801071766,68.97514600848342,69.59468547314182,-68.97478869852857,-2.733860031907445,0.5144457689990533,-2.359576017999352,0.566,-2.5833676502493725,0.5210455610699538,-2.570900631219538,0.5398355198303757
342,s678,563,748.0,0.0,Inferred,0.0,79,0,58.96144088271157,58.961634959282534,59.59254308282002,-58.960491362350126,-2.784444671298882,0.5241917926901725,-2.4609764316193576,0.566,-2.6709412819037,0.5326974653340909,-2.7036730516864154,0.5551226292450188
343,s680,564,387.0,0.0,Inferred,0.0,79,0,48.94821925744848,48.94845303563175,49.596234584396534,-48.946534911023164,-2.4534713723419967,0.5110463984477704,-2.049810757046103,0.566,-2.2447347989520883,0.5177860864741345,-2.30927271814854,0.5348938293109959
344,s682,565,748.0,0.0,Inferred,0.0,79,0,38.932578425581184,38.932872344205826,39.60494316750865,-38.9322345794651,-2.4314659423005702,0.5235731805840941,-2.0986061966598855,0.566,-2.255682889516956,0.5323921527482657,-2.3733837091546746,0.5542361990617742
345,s684,566,387.0,0.3057618408203125,Inferred,150.0,79,0,28.91890853864503,28.91930423043946,29.632032297518236,-28.91872484023849,-2.0264369956920265,0.5040920312512078,-1.6916166584643502,0.566,-1.8262539296994682,0.5126320140762818,-1.919081102055766,0.525188423484782
346,s686,567,387.0,0.3068844299316406,Inferred,200.0,79,0,18.908826840580193,18.909432000809627,19.703963734662963,-18.90508579211237,-1.711631915790075,0.4973599345517458,-1.466451914604557,0.566,-1.4688624391557006,0.5088464780336985,-1.6194812711766382,0.5155131204429291
347,s688,568,280.0,1.465101318359375,Inferred,300.0,79,0,8.8986801550819,8.899965989184771,9.946214898775022,-8.89112104986645,-1.2402282652374985,0.4622527541986029,-1.139102440857103,0.566,-1.0071691663730955,0.47214283748253966,-1.132208181694239,0.46277245889505936
348,s690,569,748.0,0.30620944213867185,Inferred,16.440473556518555,79,0,0.0,1.1374124242724004,3.155966314057989,1.1221828066217086,-0.5260271502637107,0.5161117804032256,-0.5927555697416752,0.566,-0.48294478254030726,0.5312174394809124,-0.3242118414281937,0.5418085821983233
349,s692,570,748.0,0.0,Inferred,0.0,79,0,7.2829970608478245,10.97554611594879,11.03030394535441,11.135880115422376,-1.352092851876816,0.520205677274704,-1.2060878319522845,0.566,-1.1208477565406751,0.531561521014803,-0.9958567378082553,0.5470345263348406
350,s718,571,540.0,0.0,Inferred,0.0,79,0,69.49294030579551,69.49310497057284,70.10751353966923,-69.49280727733937,-2.8300414804717815,0.5203491305322085,-2.502391770621164,0.566,-2.7098185164813366,0.5294630029648404,-2.703565278238861,0.5490883282636135
351,s722,572,349.0,0.0,Inferred,0.0,79,0,49.552420412009226,49.55265133970842,50.19431811325183,-49.55233204904154,-2.440343045090538,0.5083260758316958,-2.0222744936159804,0.566,-2.2283518212147495,0.5130906404590933,-2.28399495199449,0.5306628471565766
352,s726,573,748.0,0.0,Inferred,0.0,79,0,29.613159604074397,29.61354601939087,30.318298231686033,-29.613105322246707,-2.202302565271016,0.5230616372702473,-1.9044196675829121,0.566,-1.991305064987159,0.5321886182407758,-2.1579621926433394,0.5535107329149582
353,s730,574,387.0,0.30808428955078127,Inferred,170.0,79,0,9.673970880758551,9.675153678777491,10.680692884731927,-9.673764208525826,-1.2836407014973998,0.48601114791106925,-1.1806387727581322,0.566,-1.0240265297574784,0.5045510413278478,-1.1973424436751487,0.49845979977102034
354,s734,575,748.0,0.0,Inferred,0.0,79,0,6.4493719042258375,10.126174823902504,10.203232883697472,10.265047128575523,-1.2920033789084928,0.5199423603572552,-1.1593194375944602,0.566,-1.0710176739920336,0.5315304331346057,-0.9267839923770348,0.5465156526511128
355,s758,"576,788,789,791,795,824,828",390.0,2.4932998046875,Inferred,0.0,79,0,90.44588300502701,90.4460095231693,91.04477089486952,-90.4457228798177,-2.922396924311794,0.5164199371307956,-2.681011724143402,0.566,-2.8786098981114603,0.5237381142417975,-2.783424683649789,0.5432543109183225
356,s760,577,540.0,2.0423438720703126,Inferred,0.0,79,0,80.47580716198766,80.47594935432338,81.08121592469848,-80.47566412680987,-2.915044042231836,0.5207706095023471,-2.670919834235705,0.566,-2.8682105633169694,0.5299237334431395,-2.8194174092849056,0.5499747993616362
357,s762,578,748.0,0.0,Inferred,0.0,79,0,70.50532956656153,70.50549186691525,71.11908521074456,-70.50520372768085,-2.937711370564705,0.5244064014894263,-2.6507000786004817,0.566,-2.857833981605382,0.5328239397870335,-2.8467653289355956,0.5554341562300726
358,s764,579,748.0,0.0,Inferred,0.0,79,0,60.535848333372904,60.536037362444894,61.160668059869096,-60.535739791643785,-2.80699821582781,0.5242252386438915,-2.4874710882609445,0.566,-2.6980380322434296,0.532716308140264,-2.724738304394427,0.5551710099084339
359,s766,580,748.0,0.0,Inferred,0.0,79,0,50.564963043756485,50.56518934724418,51.205153131371596,-50.56486921081283,-2.653252306942901,0.5239835291691999,-2.3155430637887395,0.566,-2.515120300771524,0.5325861761790357,-2.5810620277947947,0.5548225798167833
360,s768,581,748.0,0.0,Inferred,0.0,79,0,40.59610899937355,40.596390874007696,41.259084005759306,-40.596010753887924,-2.4668093805932028,0.5236438451411424,-2.1310465391666185,0.566,-2.296809691807492,0.532423454287709,-2.4065215523434986,0.5543368136981437
361,s770,582,280.0,0.0,Inferred,0.0,79,0,30.62550682776121,30.625880470011726,31.32575668149272,-30.625366492614592,-2.033480639279261,0.49183970831442375,-1.647812228989749,0.566,-1.756280364153538,0.490623032014046,-1.8754057245457874,0.5059628117817986
362,s772,583,349.0,0.0,Inferred,0.0,79,0,20.65599902604147,20.65655300068294,21.428157599863436,-20.6557244619527,-1.7741095472045199,0.4942403516674048,-1.481992015061027,0.566,-1.4556307651519127,0.502280792172967,-1.6562082875234014,0.5102776116524751
363,s774,588,387.0,0.3085589294433594,Inferred,150.0,79,0,10.703392376307706,10.70446142818027,11.670059836015495,-10.698994082478126,-1.3408207875145046,0.48765291008413447,-1.2197831222645308,0.566,-1.0806367329594873,0.505059385001002,-1.2555018739609374,0.5010251844700158
364,s776,585,387.0,0.30773574829101563,Inferred,170.0,79,0,0.7670158630909187,0.7817924535516818,3.3690486172098413,-0.7491132648208367,-0.7258243584544306,0.4695598738943849,-0.5665154148623331,0.566,-0.4377998113636078,0.5001039767841952,-0.6402591698207347,0.472541833754147
365,s778,586,748.0,0.0,Inferred,0.0,79,0,5.399797856250902,9.088305610955553,9.19537410790339,9.201043342678835,-1.2128125700081944,0.5195837554608925,-1.0936671346568416,0.566,-1.0075232699652497,0.5314918245689605,-0.8377233635894249,0.5458320323814263
978,SMALL,589,748.0,0.0,Inferred,0.0,79,0,4.269219459886135,8.015222506953686,8.177621021120805,8.118070091914857,-1.1229481715032326,0.5191618178082787,-1.0116627963482971,0.566,-0.938444311296514,0.53145112891552,-0.7397514204729354,0.5450654875035581
980,DBCN,"792,804,809,818",387.0,0.0,Inferred,0.0,79,0,317.840693464964,317.8407294674416,317.98705710915794,-56.26231650627599,-4.02508075685013,0.5225386679787828,-5.691124714471244,0.566,-5.253070517369329,0.5325647228426019,-4.494542896745244,0.5548747518208004
981,PERR2,838,748.0,0.0,Inferred,0.0,79,0,37.558888443109694,37.55919311151607,38.230798360905645,-37.55876649542514,-2.4011777055555177,0.5235109435237821,-2.0713825202507716,0.566,-2.22049926494638,0.5323652587204976,-2.3449700434999063,0.5541476847157012
982,UCR,"839,879,891,892",748.0,0.30673855590820315,Inferred,150.0,79,0,22.40585327946249,22.40636399077274,23.160448088079118,-22.405809683815214,-1.9615764955425155,0.5224148746271379,-1.7329338321190113,0.566,-1.8046548266580746,0.5319920212658173,-1.9416170297341317,0.5526461848130916
983,MRVY,"840,858,893",349.0,0.0,Inferred,0.0,79,0,20.792805499313555,20.79335582917008,21.562196188073802,-20.791473156966298,-1.7787955958039825,0.494364456147962,-1.4852378772739412,0.566,-1.4608560254256888,0.5023532628592438,-1.6606877317076711,0.5104588828500649
984,GV03,"841,881,894",748.0,0.0,Inferred,0.0,79,0,7.873380396923362,11.56795240755775,11.609934391574031,11.739906433482433,-1.3922418384539683,0.5203772330761545,-1.2368922898508081,0.566,-1.1549130663455538,0.5315831632449919,-1.0425374043302242,0.5473786916321215
985,GV05,"842,882,924",748.0,0.0,Inferred,0.0,79,0,7.759984403063295,11.45585826850323,11.500098805373938,11.626640709601705,-1.3847269068781085,0.5203453928367754,-1.2311093672363642,0.566,-1.1484858030634906,0.5315790560171331,-1.0337738214901726,0.5473145052572682
986,BKBU,"843,861",748.0,0.0,Inferred,0.0,79,0,30.06076839705697,31.505198711625585,31.506357877071224,16.282366170885084,-2.2422460524944117,0.5231577532383831,-1.9143364394257802,0.566,-2.0376123574477236,0.5322243910598655,-2.2064912629860105,0.5536853967693184
987,LBUT2,"844,883,897",387.0,0.0,Inferred,0.0,79,0,37.9139035984582,38.93019939651742,38.938458409282006,15.394675073158961,-2.263725777137666,0.5082451672943686,-1.862343071401483,0.566,-2.021530247173782,0.5154699193019667,-2.1374886671292574,0.5309956221856615
988,PIBU,"845,863",748.0,0.0,Inferred,0.0,79,0,45.09161998823536,46.2386221696471,46.2386221696471,19.77170611574889,-2.5708401910806575,0.5238400284597199,-2.2161550818332016,0.566,-2.4174898349495817,0.5325142294274542,-2.5098471958232755,0.5546330787243225
989,NUEVO,"846,884,898",748.0,0.0,Inferred,0.0,79,0,35.44917275954881,35.449495559775386,36.127839553971306,-35.448799459342496,-2.3525484494724656,0.523407697783467,-2.0287331670283097,0.566,-2.164137763837399,0.5323219965086559,-2.299317669401279,0.5540010324415136
990,PERRM,"847,886,900",748.0,0.0,Inferred,0.0,79,0,36.769596122398596,36.76990733073048,37.444885301287506,-36.76888308586135,-2.383294837135911,0.5234734565895599,-2.0555500700295686,0.566,-2.1997538517449873,0.532349358047027,-2.328186772320534,0.5540944122206942
991,MKBD,"848,866",748.0,0.0,Inferred,0.0,79,0,33.19698774930451,33.19733244906391,33.88800250468847,-33.196906613984204,-2.2975211487624905,0.5232857962266658,-1.9819571759185632,0.566,-2.100579756409627,0.5322730193037503,-2.2476047106667694,0.5538281346278576
992,GOPH,"849,867",748.0,0.0,Inferred,0.0,79,0,30.275958263225434,30.27633621927801,30.979755537680358,-30.27589172450349,-2.2206923417232285,0.5231062677497832,-1.9190788382472508,0.566,-2.0123276434028163,0.5322048564676132,-2.1752924389987873,0.5535738856645218
993,GLBT,"850,868",387.0,0.3060379333496094,Inferred,150.0,79,0,25.877090195957475,25.877532400055376,26.609616053885002,-25.87392806488519,-1.9418642360415725,0.5024239302616696,-1.6283016733072337,0.566,-1.7284525297855282,0.5115825336984942,-1.839075049957953,0.5228043135791436
994,PACI2,"851,899",748.0,0.0,Inferred,0.0,79,0,46.42651855561752,46.42676503162045,46.749735751976786,-14.920945248663239,-2.5805803651970765,0.5238575232381886,-2.2407874676157116,0.566,-2.429717750047466,0.5325233212900697,-2.513076971820677,0.5546419263580776
995,PBWL,"852,870",515.0,0.0,Inferred,0.0,79,0,30.092086252960744,30.09246651841331,30.370594862216866,-3.960045911177193,-2.1253391498274987,0.5141392050021354,-1.8018215067695065,0.566,-1.8688977834106832,0.5253183028547682,-2.037674246228318,0.5400730036026741
996,LMAT,"853,871",748.0,0.0,Inferred,0.0,79,0,42.13851683432825,42.138788391494636,42.796965238870335,-42.138435648960964,-2.4983629711745006,0.5237051854144601,-2.160646699031141,0.566,-2.3335892645700436,0.5324513037745355,-2.4360907364633007,0.5544242603358974
997,LPER,"854,872",748.0,0.0,Inferred,0.0,79,0,24.563994174959873,24.5644600171398,25.29955579834988,-24.563951833117738,-2.0483578916436502,0.522661789865525,-1.7869515087079055,0.566,-1.8173650987396524,0.5320548681920579,-2.012488710508904,0.5529453431813713
998,ACTN,"855,873",515.0,0.0,Inferred,0.0,79,0,60.229801053581774,60.229991043169164,60.47543077126192,-13.41897853019813,-2.696457175152939,0.5188966023111506,-2.337530554762475,0.566,-2.5439846910550896,0.5280819327209224,-2.5727712162846914,0.5468954027247992
